[{"id":"user-image-Screenshot2024-12-20at1.39.19AM.png","publicUrl":"np://user.desktop.nicepage.com/Site_532307825/images/Screenshot2024-12-20at1.39.19AM.png","size":175264,"hash":"ispUKksI0/bNS4Vou5JmbsuIcdQ=","fileName":"Screenshot2024-12-20at1.39.19AM.png","name":"Screenshot2024-12-20at1.39.19AM","width":1732,"height":972,"thumbnail":{"url":"np://user.desktop.nicepage.com/Site_532307825/images/thumbnails/Screenshot2024-12-20at1.39.19AM.png","width":250,"height":140},"folderId":null,"usages":["18668777"]},{"id":"user-image-Nav_Video_Clipped1.gif","publicUrl":"np://user.desktop.nicepage.com/Site_532307825/images/Nav_Video_Clipped1.gif","size":4043709,"hash":"QCUB9kF0V94hhUcr/JF9YPIjtUY=","fileName":"Nav_Video_Clipped1.gif","name":"Nav_Video_Clipped1","width":290,"height":164,"thumbnail":{"url":"np://user.desktop.nicepage.com/Site_532307825/images/thumbnails/Nav_Video_Clipped1.gif","width":250,"height":141},"folderId":null,"usages":["96401828"]},{"id":"user-image-Screenshot2024-12-20at12.05.01AM.png","publicUrl":"np://user.desktop.nicepage.com/Site_532307825/images/Screenshot2024-12-20at12.05.01AM.png","size":1954920,"hash":"arV5R+jRuzTqoTVTuBKoVqzxm+8=","fileName":"Screenshot2024-12-20at12.05.01AM.png","name":"Screenshot2024-12-20at12.05.01AM","width":978,"height":970,"thumbnail":{"url":"np://user.desktop.nicepage.com/Site_532307825/images/thumbnails/Screenshot2024-12-20at12.05.01AM.png","width":250,"height":248},"folderId":null,"usages":["96401828"]},{"id":"user-image-youtube_gQLi1E73lYo_640x480_h264_mute1.gif","publicUrl":"np://user.desktop.nicepage.com/Site_532307825/images/youtube_gQLi1E73lYo_640x480_h264_mute1.gif","size":4653197,"hash":"6km6j9pmRJ0YVfGHedwax5Udt6M=","fileName":"youtube_gQLi1E73lYo_640x480_h264_mute1.gif","name":"youtube_gQLi1E73lYo_640x480_h264_mute1","width":194,"height":146,"thumbnail":{"url":"np://user.desktop.nicepage.com/Site_532307825/images/thumbnails/youtube_gQLi1E73lYo_640x480_h264_mute1.gif","width":194,"height":146,"length":4653197,"type":"gif"},"folderId":null,"usages":["96401828"]},{"id":"user-image-IMG_57991.gif","publicUrl":"np://user.desktop.nicepage.com/Site_532307825/images/IMG_57991.gif","size":2080833,"hash":"txAkJ2/s6uKgbnDBoxvhoLTcrHs=","fileName":"IMG_57991.gif","name":"IMG_57991","width":172,"height":158,"thumbnail":{"url":"np://user.desktop.nicepage.com/Site_532307825/images/thumbnails/IMG_57991.gif","width":172,"height":158,"length":2080833,"type":"gif"},"folderId":null,"usages":["96401828"]},{"id":"user-image-WhatsAppVideo2024-12-19at21.46.04.gif","publicUrl":"np://user.desktop.nicepage.com/Site_532307825/images/WhatsAppVideo2024-12-19at21.46.04.gif","size":2077529,"hash":"U8qGrI2E+6ez2zK4nu/++LqwGrU=","fileName":"WhatsAppVideo2024-12-19at21.46.04.gif","name":"WhatsAppVideo2024-12-19at21.46.04","width":260,"height":148,"thumbnail":{"url":"np://user.desktop.nicepage.com/Site_532307825/images/thumbnails/WhatsAppVideo2024-12-19at21.46.04.gif","width":250,"height":142},"folderId":null,"usages":["96401828","181802612"]},{"id":"user-image-IMG_7184.jpg","publicUrl":"np://user.desktop.nicepage.com/Site_532307825/images/IMG_7184.jpg","size":168961,"hash":"uXNYX/DfK+SDmGy08AsuFbCj8rY=","fileName":"IMG_7184.jpg","name":"IMG_7184","width":2511,"height":1883,"thumbnail":{"url":"np://user.desktop.nicepage.com/Site_532307825/images/thumbnails/IMG_7184.jpg","width":250,"height":187},"folderId":null,"usages":["96401828"]},{"id":"user-image-WaiterbotLogo.png","publicUrl":"np://user.desktop.nicepage.com/Site_532307825/images/WaiterbotLogo.png","size":8939,"hash":"Gn5roV/12c/WfYzK0uwmNXrzTew=","fileName":"WaiterbotLogo.png","name":"WaiterbotLogo","width":318,"height":368,"thumbnail":{"url":"np://user.desktop.nicepage.com/Site_532307825/images/thumbnails/WaiterbotLogo.png","width":216,"height":250},"folderId":null,"usages":[]},{"id":"user-image-Screenshot2024-12-19at11.03.28PM.png","publicUrl":"np://user.desktop.nicepage.com/Site_532307825/images/Screenshot2024-12-19at11.03.28PM.png","size":264114,"hash":"EdS4l8cN9x+fj02Pk6/bciej36M=","fileName":"Screenshot2024-12-19at11.03.28PM.png","name":"Screenshot2024-12-19at11.03.28PM","width":1106,"height":978,"thumbnail":{"url":"np://user.desktop.nicepage.com/Site_532307825/images/thumbnails/Screenshot2024-12-19at11.03.28PM.png","width":250,"height":221},"folderId":null,"usages":["181802612"]},{"id":"user-image-Screenshot2024-12-19at11.00.00PM.png","publicUrl":"np://user.desktop.nicepage.com/Site_532307825/images/Screenshot2024-12-19at11.00.00PM.png","size":419294,"hash":"WsJIRM95OntnCNoshpxEp6BKt8M=","fileName":"Screenshot2024-12-19at11.00.00PM.png","name":"Screenshot2024-12-19at11.00.00PM","width":1342,"height":1022,"thumbnail":{"url":"np://user.desktop.nicepage.com/Site_532307825/images/thumbnails/Screenshot2024-12-19at11.00.00PM.png","width":250,"height":190},"folderId":null,"usages":["181802612"]},{"id":"user-image-Screenshot2024-12-19at10.53.49PM.png","publicUrl":"np://user.desktop.nicepage.com/Site_532307825/images/Screenshot2024-12-19at10.53.49PM.png","size":170391,"hash":"LXMcjxAdU6JEG65p01U/gn2LD5Y=","fileName":"Screenshot2024-12-19at10.53.49PM.png","name":"Screenshot2024-12-19at10.53.49PM","width":1952,"height":1090,"thumbnail":{"url":"np://user.desktop.nicepage.com/Site_532307825/images/thumbnails/Screenshot2024-12-19at10.53.49PM.png","width":250,"height":140},"folderId":null,"usages":["181802612"]},{"id":"user-image-1721169450639.jpg","publicUrl":"np://user.desktop.nicepage.com/Site_532307825/images/1721169450639.jpg","size":182600,"hash":"84NqAnuFTs855rmSxYr2/rGvLhc=","fileName":"1721169450639.jpg","name":"1721169450639","width":800,"height":800,"thumbnail":{"url":"np://user.desktop.nicepage.com/Site_532307825/images/thumbnails/1721169450639.jpg","width":250,"height":250},"folderId":null,"usages":["156551904"]},{"id":"user-image-VerrillQuinn-1.jpg","publicUrl":"np://user.desktop.nicepage.com/Site_532307825/images/VerrillQuinn-1.jpg","size":3760173,"hash":"xgQ5wLzjegFTcvkSJbvfTjNigOg=","fileName":"VerrillQuinn-1.jpg","name":"VerrillQuinn-1","width":3000,"height":1996,"thumbnail":{"url":"np://user.desktop.nicepage.com/Site_532307825/images/thumbnails/VerrillQuinn-1.jpg","width":250,"height":166},"folderId":null,"usages":["156551904"]},{"id":"user-image-1727986428522.jpg","publicUrl":"np://user.desktop.nicepage.com/Site_532307825/images/1727986428522.jpg","size":144326,"hash":"Kxws6g0Q7Rctrf8qiyhczIoYsgg=","fileName":"1727986428522.jpg","name":"1727986428522","width":800,"height":800,"thumbnail":{"url":"np://user.desktop.nicepage.com/Site_532307825/images/thumbnails/1727986428522.jpg","width":250,"height":250},"folderId":null,"usages":["156551904"]},{"id":"user-image-Billandhisporkbuns.jpg","publicUrl":"np://user.desktop.nicepage.com/Site_532307825/images/Billandhisporkbuns.jpg","size":387206,"hash":"vIO65+3hsNEuH6PwD/w4NKarj4w=","fileName":"Billandhisporkbuns.jpg","name":"Billandhisporkbuns","width":1536,"height":2048,"thumbnail":{"url":"np://user.desktop.nicepage.com/Site_532307825/images/thumbnails/Billandhisporkbuns.jpg","width":188,"height":250},"folderId":null,"usages":["156551904"]},{"id":"user-image-portrait.jpg","publicUrl":"np://user.desktop.nicepage.com/Site_532307825/images/portrait.jpg","size":22174,"hash":"pdmeGxnulIrj96HklWvAbginS3o=","fileName":"portrait.jpg","name":"portrait","width":200,"height":300,"thumbnail":{"url":"np://user.desktop.nicepage.com/Site_532307825/images/thumbnails/portrait.jpg","width":167,"height":250},"folderId":null,"usages":["156551904"]},{"id":"user-image-Screenshot2024-12-19at10.39.33PM.png","publicUrl":"np://user.desktop.nicepage.com/Site_532307825/images/Screenshot2024-12-19at10.39.33PM.png","size":135530,"hash":"YJvdPeJD08eRR37iOPPGvwA8LJc=","fileName":"Screenshot2024-12-19at10.39.33PM.png","name":"Screenshot2024-12-19at10.39.33PM","width":1132,"height":870,"thumbnail":{"url":"np://user.desktop.nicepage.com/Site_532307825/images/thumbnails/Screenshot2024-12-19at10.39.33PM.png","width":250,"height":192},"folderId":null,"usages":["481202925"]},{"id":"user-image-Screenshot2024-12-19at10.37.39PM.png","publicUrl":"np://user.desktop.nicepage.com/Site_532307825/images/Screenshot2024-12-19at10.37.39PM.png","size":151415,"hash":"yp2oZMCbc280vPf1n/RENfAMEdQ=","fileName":"Screenshot2024-12-19at10.37.39PM.png","name":"Screenshot2024-12-19at10.37.39PM","width":1958,"height":1100,"thumbnail":{"url":"np://user.desktop.nicepage.com/Site_532307825/images/thumbnails/Screenshot2024-12-19at10.37.39PM.png","width":250,"height":140},"folderId":null,"usages":["481202925"]},{"id":"user-image-image1.png","publicUrl":"np://user.desktop.nicepage.com/Site_532307825/images/image1.png","size":1062659,"hash":"VRKa65mEpzeBTuRypWnuBr/kFuU=","fileName":"image1.png","name":"image1","width":1600,"height":900,"thumbnail":{"url":"np://user.desktop.nicepage.com/Site_532307825/images/thumbnails/image1.png","width":250,"height":141},"folderId":null,"usages":["481202925"]},{"id":"user-image-Strain_Gauge_Wiring.jpg","publicUrl":"np://user.desktop.nicepage.com/Site_532307825/images/Strain_Gauge_Wiring.jpg","size":1892173,"hash":"/FSwJEsSR2GVSf2xUc+S7j+6Jnw=","fileName":"Strain_Gauge_Wiring.jpg","name":"Strain_Gauge_Wiring","width":2340,"height":2663,"thumbnail":{"url":"np://user.desktop.nicepage.com/Site_532307825/images/thumbnails/Strain_Gauge_Wiring.jpg","width":220,"height":250},"folderId":null,"usages":["292778943"]},{"id":"user-image-fourbar.png","publicUrl":"np://user.desktop.nicepage.com/Site_532307825/images/fourbar.png","size":38864,"hash":"rxmpjUbgYAts50fdfBScLwUe2JI=","fileName":"fourbar.png","name":"fourbar","width":960,"height":540,"thumbnail":{"url":"np://user.desktop.nicepage.com/Site_532307825/images/thumbnails/fourbar.png","width":250,"height":141},"folderId":null,"usages":["481202925"]},{"id":"user-image-pathplan1.png","publicUrl":"np://user.desktop.nicepage.com/Site_532307825/images/pathplan1.png","size":41448,"hash":"Quac+G3tGtdLN2a+0ucUC+JpKqE=","fileName":"pathplan1.png","name":"pathplan1","width":960,"height":540,"thumbnail":{"url":"np://user.desktop.nicepage.com/Site_532307825/images/thumbnails/pathplan1.png","width":250,"height":141},"folderId":null,"usages":["481202925"]},{"id":"user-image-pose_estimate.png","publicUrl":"np://user.desktop.nicepage.com/Site_532307825/images/pose_estimate.png","size":36745,"hash":"Qm5BWfPjstsWLSaHHcHTy66DEZw=","fileName":"pose_estimate.png","name":"pose_estimate","width":960,"height":540,"thumbnail":{"url":"np://user.desktop.nicepage.com/Site_532307825/images/thumbnails/pose_estimate.png","width":250,"height":141},"folderId":null,"usages":["481202925"]},{"id":"user-image-pathplan2.png","publicUrl":"np://user.desktop.nicepage.com/Site_532307825/images/pathplan2.png","size":34377,"hash":"9Kbp77IaOfDYqgkYYofVIs5pOGU=","fileName":"pathplan2.png","name":"pathplan2","width":960,"height":540,"thumbnail":{"url":"np://user.desktop.nicepage.com/Site_532307825/images/thumbnails/pathplan2.png","width":250,"height":141},"folderId":null,"usages":["481202925"]},{"id":"user-image-Module_Cross_Section.png","publicUrl":"np://user.desktop.nicepage.com/Site_532307825/images/Module_Cross_Section.png","size":264644,"hash":"0Ja3hacOO5hBeYgB08W3LBG+uiM=","fileName":"Module_Cross_Section.png","name":"Module_Cross_Section","width":1164,"height":624,"thumbnail":{"url":"np://user.desktop.nicepage.com/Site_532307825/images/thumbnails/Module_Cross_Section.png","width":250,"height":134},"folderId":null,"usages":["181802612"]},{"id":"user-image-CAD_Complete_No_Module.png","publicUrl":"np://user.desktop.nicepage.com/Site_532307825/images/CAD_Complete_No_Module.png","size":384466,"hash":"phYa+IMV7JFMV/czq2QC0Cjc3E4=","fileName":"CAD_Complete_No_Module.png","name":"CAD_Complete_No_Module","width":1094,"height":1024,"thumbnail":{"url":"np://user.desktop.nicepage.com/Site_532307825/images/thumbnails/CAD_Complete_No_Module.png","width":250,"height":234},"folderId":null,"usages":["181802612"]},{"id":"user-image-CAD_Chassis_Isometric.png","publicUrl":"np://user.desktop.nicepage.com/Site_532307825/images/CAD_Chassis_Isometric.png","size":690902,"hash":"zTd7CerPT1n9ry4AnLg0Fg/EJdY=","fileName":"CAD_Chassis_Isometric.png","name":"CAD_Chassis_Isometric","width":1672,"height":928,"thumbnail":{"url":"np://user.desktop.nicepage.com/Site_532307825/images/thumbnails/CAD_Chassis_Isometric.png","width":250,"height":139},"folderId":null,"usages":["181802612"]},{"id":"user-image-CAD_Chassis_Bottom.png","publicUrl":"np://user.desktop.nicepage.com/Site_532307825/images/CAD_Chassis_Bottom.png","size":251160,"hash":"LVv7KsJMvsJiOKOZvcXcWkOATQ4=","fileName":"CAD_Chassis_Bottom.png","name":"CAD_Chassis_Bottom","width":1048,"height":1046,"thumbnail":{"url":"np://user.desktop.nicepage.com/Site_532307825/images/thumbnails/CAD_Chassis_Bottom.png","width":250,"height":250},"folderId":null,"usages":["181802612"]},{"id":"user-image-MotorWiringDiagram.png","publicUrl":"np://user.desktop.nicepage.com/Site_532307825/images/MotorWiringDiagram.png","size":143875,"hash":"TquDydFHzerYq8FUDbHqasBJwX0=","fileName":"MotorWiringDiagram.png","name":"MotorWiringDiagram","width":960,"height":540,"thumbnail":{"url":"np://user.desktop.nicepage.com/Site_532307825/images/thumbnails/MotorWiringDiagram.png","width":250,"height":141},"folderId":null,"usages":["292778943"]},{"id":"user-image-TrayWiringDiagram.png","publicUrl":"np://user.desktop.nicepage.com/Site_532307825/images/TrayWiringDiagram.png","size":143241,"hash":"myjt4ihcLLQyEJ4wss8frzhRgo0=","fileName":"TrayWiringDiagram.png","name":"TrayWiringDiagram","width":960,"height":540,"thumbnail":{"url":"np://user.desktop.nicepage.com/Site_532307825/images/thumbnails/TrayWiringDiagram.png","width":250,"height":141},"folderId":null,"usages":["292778943"]},{"id":"user-image-PowerDistDiagram.png","publicUrl":"np://user.desktop.nicepage.com/Site_532307825/images/PowerDistDiagram.png","size":54101,"hash":"r5hFiPKTYnnc7OzC+1L3wOJI/V0=","fileName":"PowerDistDiagram.png","name":"PowerDistDiagram","width":960,"height":540,"thumbnail":{"url":"np://user.desktop.nicepage.com/Site_532307825/images/thumbnails/PowerDistDiagram.png","width":250,"height":141},"folderId":null,"usages":["292778943"]},{"id":"user-image-ChassisWiringDiagram.png","publicUrl":"np://user.desktop.nicepage.com/Site_532307825/images/ChassisWiringDiagram.png","size":142060,"hash":"OqYDqN0+L163L6QVzGue4TpZA0Q=","fileName":"ChassisWiringDiagram.png","name":"ChassisWiringDiagram","width":960,"height":540,"thumbnail":{"url":"np://user.desktop.nicepage.com/Site_532307825/images/thumbnails/ChassisWiringDiagram.png","width":250,"height":141},"folderId":null,"usages":["292778943"]},{"id":"user-image-FirmwareDiagram.png","publicUrl":"np://user.desktop.nicepage.com/Site_532307825/images/FirmwareDiagram.png","size":68826,"hash":"VLgT89Zpi2fWSfyi7eCXgjTswzw=","fileName":"FirmwareDiagram.png","name":"FirmwareDiagram","width":960,"height":540,"thumbnail":{"url":"np://user.desktop.nicepage.com/Site_532307825/images/thumbnails/FirmwareDiagram.png","width":250,"height":141},"folderId":null,"usages":["81107938"]},{"id":"user-image-image.png","publicUrl":"np://user.desktop.nicepage.com/Site_532307825/images/image.png","size":222353,"hash":"4lR+4j3cA0rsislztiWgcbHPlm8=","fileName":"image.png","name":"image","width":2060,"height":1054,"thumbnail":{"url":"np://user.desktop.nicepage.com/Site_532307825/images/thumbnails/image.png","width":250,"height":128},"folderId":null,"usages":["481202925"]}]