[{"id":172767762,"isFolder":true,"title":"Technical Details","status":2,"order":null,"dateCreated":null,"dateUpdated":null,"folderId":null},{"id":23897475,"title":"Blog Template","order":1,"templateKey":"blog","customTemplate":false,"customTemplateFilename":null,"pageLinks":["6","5","4"],"dateCreated":"2024-12-15T17:47:50.195Z","dateUpdated":"2024-12-15T17:49:58.579Z","folderId":null,"pageName":"Blog Template","serverPageId":null,"sectionCount":1,"status":2,"backwardUrl":null},{"id":61651318,"title":"Post Template","order":2,"templateKey":"post","customTemplate":false,"customTemplateFilename":null,"pageLinks":[],"dateCreated":"2024-12-15T17:47:50.297Z","dateUpdated":"2024-12-15T17:49:59.497Z","folderId":null,"pageName":"Post Template","serverPageId":null,"sectionCount":1,"status":2,"backwardUrl":null},{"id":553327449,"title":"Product List Template","order":3,"templateKey":"products","customTemplate":false,"customTemplateFilename":null,"pageLinks":[],"dateCreated":"2024-12-15T17:47:50.398Z","dateUpdated":"2024-12-15T17:50:02.123Z","folderId":null,"pageName":"Product List Template","serverPageId":null,"sectionCount":1,"status":2,"backwardUrl":null},{"id":1388909061,"title":"Product Details Template","order":4,"templateKey":"product","customTemplate":false,"customTemplateFilename":null,"pageLinks":[],"dateCreated":"2024-12-15T17:47:50.495Z","dateUpdated":"2024-12-15T17:47:51.118Z","folderId":null,"pageName":"Product Details Template","serverPageId":null,"sectionCount":1,"status":2,"backwardUrl":null},{"id":466615113,"title":"Shopping Cart Template","order":5,"templateKey":"cart","customTemplate":false,"customTemplateFilename":null,"pageLinks":[],"dateCreated":"2024-12-15T17:47:50.572Z","dateUpdated":"2024-12-15T17:47:51.118Z","folderId":null,"pageName":"Shopping Cart Template","serverPageId":null,"sectionCount":1,"status":2,"backwardUrl":null},{"id":90330655,"title":"Checkout Template","order":6,"templateKey":"checkout","customTemplate":false,"customTemplateFilename":null,"pageLinks":[],"dateCreated":"2024-12-15T17:47:50.665Z","dateUpdated":"2024-12-15T17:47:51.118Z","folderId":null,"pageName":"Checkout Template","serverPageId":null,"sectionCount":1,"status":2,"backwardUrl":null},{"id":356121598,"title":"Login Template","order":7,"templateKey":"login","customTemplate":false,"customTemplateFilename":null,"pageLinks":[],"dateCreated":"2024-12-15T17:47:50.721Z","dateUpdated":"2024-12-15T17:47:51.118Z","folderId":null,"pageName":"Login Template","serverPageId":null,"sectionCount":1,"status":2,"backwardUrl":null},{"id":7168605,"title":"Search Page Template","order":8,"templateKey":"Search","customTemplate":false,"customTemplateFilename":null,"pageLinks":[],"dateCreated":"2024-12-15T17:47:50.764Z","dateUpdated":"2024-12-15T17:47:51.118Z","folderId":null,"pageName":"Search Page Template","serverPageId":null,"sectionCount":1,"status":2,"backwardUrl":null},{"id":813211763,"title":"Page Password Template","order":9,"templateKey":"password","customTemplate":false,"customTemplateFilename":null,"pageLinks":[],"dateCreated":"2024-12-15T17:47:50.813Z","dateUpdated":"2024-12-15T17:47:51.118Z","folderId":null,"pageName":"Page Password Template","serverPageId":null,"sectionCount":1,"status":2,"backwardUrl":null},{"id":243662849,"title":"404 Not Found Template","order":10,"templateKey":"404","customTemplate":false,"customTemplateFilename":null,"pageLinks":[],"dateCreated":"2024-12-15T17:47:50.850Z","dateUpdated":"2024-12-15T17:47:51.118Z","folderId":null,"pageName":"404 Not Found Template","serverPageId":null,"sectionCount":1,"status":2,"backwardUrl":null},{"id":182463135,"title":"Thank You Page Template","order":11,"templateKey":"ThankYou","customTemplate":false,"customTemplateFilename":null,"pageLinks":[],"dateCreated":"2024-12-15T17:47:50.886Z","dateUpdated":"2024-12-15T17:47:51.118Z","folderId":null,"pageName":"Thank You Page Template","serverPageId":null,"sectionCount":1,"status":2,"backwardUrl":null},{"id":96401828,"title":"Home","order":50,"templateKey":null,"customTemplate":false,"customTemplateFilename":null,"pageLinks":["96401828"],"dateCreated":"2024-12-15T17:47:51.456Z","dateUpdated":"2024-12-20T05:07:56.298Z","folderId":null,"pageName":"Home_96401828","serverPageId":null,"sectionCount":8,"status":2,"backwardUrl":null},{"id":156551904,"title":"Team","order":100,"templateKey":null,"customTemplate":false,"customTemplateFilename":null,"pageLinks":["96401828"],"dateCreated":"2024-12-15T17:47:50.911Z","dateUpdated":"2024-12-20T06:41:27.168Z","folderId":null,"pageName":"Team_156551904","serverPageId":null,"sectionCount":6,"status":2,"backwardUrl":null},{"id":257903437,"title":"Project Timeline","order":101,"templateKey":null,"customTemplate":false,"customTemplateFilename":null,"pageLinks":["96401828"],"dateCreated":"2024-12-15T17:47:50.931Z","dateUpdated":"2024-12-20T03:47:47.088Z","folderId":null,"pageName":"Project Timeline_257903437","serverPageId":null,"sectionCount":5,"status":2,"backwardUrl":null},{"id":18668777,"title":"System","order":102,"templateKey":null,"customTemplate":false,"customTemplateFilename":null,"pageLinks":["96401828"],"dateCreated":"2024-12-15T17:48:24.349Z","dateUpdated":"2024-12-20T06:40:50.884Z","folderId":null,"pageName":"System_18668777","serverPageId":null,"sectionCount":8,"status":2,"backwardUrl":null},{"id":181802612,"title":"Mechanical","order":108,"templateKey":null,"customTemplate":false,"customTemplateFilename":null,"pageLinks":["96401828"],"dateCreated":"2024-12-16T02:09:53.980Z","dateUpdated":"2024-12-20T05:11:20.147Z","folderId":172767762,"pageName":"Mechanical_181802612","serverPageId":null,"sectionCount":15,"status":2,"backwardUrl":null},{"id":481202925,"title":"Software","order":112,"templateKey":null,"customTemplate":false,"customTemplateFilename":null,"pageLinks":["96401828"],"dateCreated":"2024-12-20T02:17:51.129Z","dateUpdated":"2024-12-20T06:35:25.376Z","folderId":172767762,"pageName":"Software_481202925","serverPageId":null,"sectionCount":18,"status":2,"backwardUrl":null},{"id":292778943,"title":"Electrical","order":113,"templateKey":null,"customTemplate":false,"customTemplateFilename":null,"pageLinks":["96401828"],"dateCreated":"2024-12-20T02:29:04.343Z","dateUpdated":"2024-12-20T06:32:59.327Z","folderId":172767762,"pageName":"Electrical_292778943","serverPageId":null,"sectionCount":10,"status":2,"backwardUrl":null},{"id":81107938,"title":"Firmware","order":114,"templateKey":null,"customTemplate":false,"customTemplateFilename":null,"pageLinks":["96401828"],"dateCreated":"2024-12-20T02:36:19.440Z","dateUpdated":"2024-12-20T06:33:25.506Z","folderId":172767762,"pageName":"Firmware_81107938","serverPageId":null,"sectionCount":6,"status":2,"backwardUrl":null}]